Index	Name	Best Rearrangement	Support	Sequence	FW1	FW1_AA	CDR1	CDR1_AA	FW2	FW2_AA	CDR2	CDR2_AA	FW3	FW3_AA	CDR3	CDR3_AA	JUNCTION	JUNCTION_AA	D_ALLELE	J	J_AA	CH	CH_AA	Mapped Read	V-length	J-length	C-length	V-divergence	J-divergence	C-divergence
1	CAP257_GAG_P17_B_W10_QVOA	CAP257-4300-240WPI-GAG-P17-NGS	0.4544480192994795	AGAGGCGGAAAATTAGATAAATGGGAAAAAATTAGGTTAAGGCCAGGGGGAAAGAAACATTATATGTTAAAACACTTAGTATGGGCAAGCAGGGAGCTGGAAAGATTTGCACTTAACCCTGGCCTTTTAGAATCATCAGAAGGCTGTAAACAAATAATAAGACAGCTATACCCAGCTCTTCAGACAGGAACAGAGGAACTTAGATCATTATACAACACAGTAGCAACTCTCTATTGTGTACATGCAAATATAGAGGTACGAGACACTAAGGAAGCCTTAGACAAGATAGAGGAAGAACAAAACAAAAGTCAGCAAAAAGTACAGCAGGCAAAAAAGGCTGACGAAAAGGTCAGTCAAAATTATCCTATAGTGCAGAATCTCCAGGGGCAAATGGTACATCAAGCCCTATCACCTAGAACTTTGAATGCATGGGTAAAGGTAATAGAGGAGAAGGCTTTT																				AGAGGCGGAAAATTAGATAAATGGGAAAAAATTAGGTTAAGGCCAGGGGGAAAGAAACATTATATGTTAAAACACTTAGTATGGGCAAGCAGGGAGCTGGAAAGATTTGCACTTAACCCTGGCCTTTTAGAATCATCAGAAGGCTGTAAACAAATAATAAGACAGCTATACCCAGCTCTTCAGACAGGAACAGAGGAACTTAGATCATTATACAACACAGTAGCAACTCTCTATTGTGTACATGCAAATATAGAGGTACGAGACACTAAGGAAGCCTTAGACAAGATAGAGGAAGAACAAAACAAAAGT------------CAGCAAAAAGTACAGCAGGCAAAAAAGGCTGACGAAAAGGTCAGTCAAAATTATCCTATAGTGCAGAATCTCCAGGGGCAAATGGTACATCAAGCCCTATCACCTAGAACTTTGAATGCATGGGTAAAGGTAATAGAGGAGAAGGCTTTT	459			0.002185799969884641		
2	CAP257_GAG_P17_B_W14_QVOA	CAP257	0.2853656531853194	AGAGGCGGAAAATTAGATAAATGGGAAAAAATTAGGTTAAGGCCAGGGGGAAAGAAACATTATATGTTAAAACACTTAGTATGGGCAAGCAGGGAGCTGGAAAGATTTGCACTTAACCCTGGCCTTTTAGAATCATCAGAAGGCTGTAAACAAATAATAAAACAGCTACAACCAGCTCTTCAGACAGGAACAGAGGAACTTAGATCATTATACAACACAGTAGCAACTCTCTATTGTGTACATGCAAATATAGAGGTACGAGACACTAAGGAAGCCTTAGACAAGATAGAGGAAGAACAAAACAAAAGTCAGCAAAAAGCACAGAAGGCAAAAGCGGCTGACGAAAAGGTCAGTCAAAATTATCCTATAGTGCAGAATCTCCAGGGGCAAATGGTACATCAAGCCCTATCACCTAGAACCTTGAATGCATGGGTAAAGGTAATAGAGGAGAAGGCTTTT																				AGAGGCGGAAAATTAGATAAATGGGAAAAAATTAGGTTAAGGCCAGGGGGAAAGAAACATTATATGTTAAAACACTTAGTATGGGCAAGCAGGGAGCTGGAAAGATTTGCACTTAACCCTGGCCTTTTAGAATCATCAGAAGGCTGTAAACAAATAATAAAACAGCTACAACCAGCTCTTCAGACAGGAACAGAGGAACTTAGATCATTATACAACACAGTAGCAACTCTCTATTGTGTACATGCAAATATAGAGGTACGAGACACTAAGGAAGCCTTAGACAAGATAGAGGAAGAACAAAACAAAAGT------------CAGCAAAAAGCACAGAAGGCAAAAGCGGCTGACGAAAAGGTCAGTCAAAATTATCCTATAGTGCAGAATCTCCAGGGGCAAATGGTACATCAAGCCCTATCACCTAGAACCTTGAATGCATGGGTAAAGGTAATAGAGGAGAAGGCTTTT	459			0.006578356121495741		
3	CAP257_GAG_P17_B_W15_QVOA	CAP257	0.1819811114412395	AGAGGCGGAAAATTAGATAAATGGGAAAAAATTAGGTTAAGGCCAGGGGGAAAGAAACATTATATGTTAAAACACTTAGTATGGGCAAGCAGGGAGCTGGAAAGATTTGCACTTAACCCTGGCCTTTTAGAATCATCAGAAGGCTGTAAACAAATAATAAGACAGCTACACCCAGCTCTTCAGACAGGAACAGAAGAACTTAGATCATTATACAACACAGTAGCAACTCTCTATTGTGTACATGAAAATATGGAGGTACGAGACACTAAGGAAGCCTTAGACAAGATAGAGGAAGAACAAAACAAAAGTCAGCAAAAAGCACAGAAGGCAAAAGCGGCTGACGAAAAGGTCAGTCAAAATTATCCTATAGTGCAGAATCTCCAGGGGCAAATGGTACATCAAGCCCTATCACCTAGAACCTTGAATGCATGGGTAAAGGTAATAGAGGAGAAGGCTTTT																				AGAGGCGGAAAATTAGATAAATGGGAAAAAATTAGGTTAAGGCCAGGGGGAAAGAAACATTATATGTTAAAACACTTAGTATGGGCAAGCAGGGAGCTGGAAAGATTTGCACTTAACCCTGGCCTTTTAGAATCATCAGAAGGCTGTAAACAAATAATAAGACAGCTACACCCAGCTCTTCAGACAGGAACAGAAGAACTTAGATCATTATACAACACAGTAGCAACTCTCTATTGTGTACATGAAAATATGGAGGTACGAGACACTAAGGAAGCCTTAGACAAGATAGAGGAAGAACAAAACAAAAGT------------CAGCAAAAAGCACAGAAGGCAAAAGCGGCTGACGAAAAGGTCAGTCAAAATTATCCTATAGTGCAGAATCTCCAGGGGCAAATGGTACATCAAGCCCTATCACCTAGAACCTTGAATGCATGGGTAAAGGTAATAGAGGAGAAGGCTTTT	459			0.008729813017306749		
4	CAP257_GAG_P17_B_W7_QVOA	CAP257-4300-240WPI-GAG-P17-NGS	0.4544190861337519	AGAGGCGGAAAATTAGATAAATGGGAAAAAATTAGGTTAAGGCCAGGGGGAAAGAAACATTATATGTTAAAACACTTAGTATGGGCAAGCAGGGAGCTGGAAAGATTTGCACTTAACCCTGGCCTTTTAGAATCATCAGAAGGCTGTAAACAAATAATAAAACAGCTACAACCAGCTCTTCAGACAGGAACAGAGGAACTTAGATCATTATACAACACAGTAGCAACTCTCTATTGCGTACATGCAAATATAGAGGTACGAGACACTAAGGAAGCCTTAGACAAGATAGAGGAAGAACAAAACAAAAGTCAGCAAAAAGCACAGCAGGCAAAAAAGGCTGACGAAAAGGTCAGTCAAAATTATCCTATAGTGCAGAATCTCCAGGGGCAAATGGTACATCAAGCCCTATCACCTAGAACCTTGAATGCATGGGTAAAGGTAATAGAGGAGAAGGCTTTT																				AGAGGCGGAAAATTAGATAAATGGGAAAAAATTAGGTTAAGGCCAGGGGGAAAGAAACATTATATGTTAAAACACTTAGTATGGGCAAGCAGGGAGCTGGAAAGATTTGCACTTAACCCTGGCCTTTTAGAATCATCAGAAGGCTGTAAACAAATAATAAAACAGCTACAACCAGCTCTTCAGACAGGAACAGAGGAACTTAGATCATTATACAACACAGTAGCAACTCTCTATTGCGTACATGCAAATATAGAGGTACGAGACACTAAGGAAGCCTTAGACAAGATAGAGGAAGAACAAAACAAAAGT------------CAGCAAAAAGCACAGCAGGCAAAAAAGGCTGACGAAAAGGTCAGTCAAAATTATCCTATAGTGCAGAATCTCCAGGGGCAAATGGTACATCAAGCCCTATCACCTAGAACCTTGAATGCATGGGTAAAGGTAATAGAGGAGAAGGCTTTT	459			0		
5	CAP257_GAG_P17_W1_QVOA	CAP257	0.3155197052688744	AGAGGCGGAAAATTAGATAAATGGGAAAAAATTAGGTTAAGGCCAGGGGGAAAGAAACATTATATGTTAAAACACTTAGTATGGGCAAGCAGGGAGCTGGAAAGATTTGCACTTAACCCTGGCCTTTTAGAATCATCAGAAGGCTGTAAACAAATAATAAAACAGCTACAACCAGCTCTTCAGACAGGAACAGAGGAACTTAGATCATTATACAACACAGTAGCAACTCTCTATTGTGTACATGCAAATATAGAGGTACGAGACACTAAGGAAGCCTTAGACAAGATAGAGGAAGAACAAAACAAAAGTCAGCAAAAAGCACAGAAGGCAAAAGCGGCTGACGAAAAGGTCAGTCAAAATTATCCTATAGTGCAGAATCTCCAGGGGCAAATGGTACATCAAGCCCTATCACCTAGAACCTTGAATGCATGGGTAAAGGTAATAGAGGAAAAGGCTTTT																				AGAGGCGGAAAATTAGATAAATGGGAAAAAATTAGGTTAAGGCCAGGGGGAAAGAAACATTATATGTTAAAACACTTAGTATGGGCAAGCAGGGAGCTGGAAAGATTTGCACTTAACCCTGGCCTTTTAGAATCATCAGAAGGCTGTAAACAAATAATAAAACAGCTACAACCAGCTCTTCAGACAGGAACAGAGGAACTTAGATCATTATACAACACAGTAGCAACTCTCTATTGTGTACATGCAAATATAGAGGTACGAGACACTAAGGAAGCCTTAGACAAGATAGAGGAAGAACAAAACAAAAGT------------CAGCAAAAAGCACAGAAGGCAAAAGCGGCTGACGAAAAGGTCAGTCAAAATTATCCTATAGTGCAGAATCTCCAGGGGCAAATGGTACATCAAGCCCTATCACCTAGAACCTTGAATGCATGGGTAAAGGTAATAGAGGAAAAGGCTTTT	459			0.002184293309596308		
6	CAP257_GAG_P17_W12_QVOA	CAP257	0.284268681512843	AGAGGCGGAAAATTAGATAAATGGGAAAAAATTAGGTTAAGGCCAGGGGGAAAGAAACATTATATGTTAAAACACTTAGTATGGGCAAGCAGGGAGCTGGAAAGATTTGCACTTAACCCTGGCCTTTTAGAATCATCAGAAGGCTGTAAACAAATAATAAAACAGCTACAACCAGCTCTTCAGACAGGAACAGAGGAACTTAGATCATTATACAACACAGTAGCAACTCTCTATTGTGTACATGCAAATATAGAGGTACGAGACACTAAGGAAGCCTTAGACAAGATAGAGGAAGAACAAAACAAAAGTCAGCAAAAAGCACAGAAGGCAAAAGCGACTGACGAAAAGGTCAGTCAAAATTATCCTATAGTGCAGAATCTCCAGGGGCAAATGGTACATCAAGCCCTATCACCTAGAACCTTGAATGCATGGGTAAAGGTAATAGAGGAGAAGGCTTTT																				AGAGGCGGAAAATTAGATAAATGGGAAAAAATTAGGTTAAGGCCAGGGGGAAAGAAACATTATATGTTAAAACACTTAGTATGGGCAAGCAGGGAGCTGGAAAGATTTGCACTTAACCCTGGCCTTTTAGAATCATCAGAAGGCTGTAAACAAATAATAAAACAGCTACAACCAGCTCTTCAGACAGGAACAGAGGAACTTAGATCATTATACAACACAGTAGCAACTCTCTATTGTGTACATGCAAATATAGAGGTACGAGACACTAAGGAAGCCTTAGACAAGATAGAGGAAGAACAAAACAAAAGT------------CAGCAAAAAGCACAGAAGGCAAAAGCGACTGACGAAAAGGTCAGTCAAAATTATCCTATAGTGCAGAATCTCCAGGGGCAAATGGTACATCAAGCCCTATCACCTAGAACCTTGAATGCATGGGTAAAGGTAATAGAGGAGAAGGCTTTT	459			0.004365824846632642		
7	CAP257_GAG_P17_W13_QVOA	CAP257-4260-191WPI-GAG-P17-NGS-009-0-023-1*1	0.4146585859827216	AGAGGCGGAAAATTAGATAAATGGGAAAAAATTAGGTTAAGGCCAGGGGGAAAGAAACATTATATGTTAAAACACTTAGTATGGGCAAGCAGGGAGCTGGAAAGATTTGCACTTAACCCTGGCCTTTTAGAATCATCAGAAGGCTGTAAACAAATAATAAAACAGCTACAACCAGCTCTTCAGACAGGAACAGAGGAACTTAGATCATTATACAACACAGTAGCAACTCTCTATTGTGTACATGCAAATATAGAGGTACGAGACACTAAGGAAGCCTTAGACAAGATAGAGGAAGAACAAAACAAAAGTCAGCAGAAAGCACAGAAGGCAAAAGCGGCTGACGAAAAGGTCAGTCAAAATTATCCTATAGTGCAGAATCTCCAGGGGCAAATGGTACATCAAGCCCTATCACCTAGAACCTTGAATGCATGGGTAAAGGTAATAGAGGAAAAAGCTTTT																				AGAGGCGGAAAATTAGATAAATGGGAAAAAATTAGGTTAAGGCCAGGGGGAAAGAAACATTATATGTTAAAACACTTAGTATGGGCAAGCAGGGAGCTGGAAAGATTTGCACTTAACCCTGGCCTTTTAGAATCATCAGAAGGCTGTAAACAAATAATAAAACAGCTACAACCAGCTCTTCAGACAGGAACAGAGGAACTTAGATCATTATACAACACAGTAGCAACTCTCTATTGTGTACATGCAAATATAGAGGTACGAGACACTAAGGAAGCCTTAGACAAGATAGAGGAAGAACAAAACAAAAGT------------CAGCAGAAAGCACAGAAGGCAAAAGCGGCTGACGAAAAGGTCAGTCAAAATTATCCTATAGTGCAGAATCTCCAGGGGCAAATGGTACATCAAGCCCTATCACCTAGAACCTTGAATGCATGGGTAAAGGTAATAGAGGAAAAAGCTTTT	459			0.003274467551343003		
8	CAP257_GAG_P17_W14_QVOA	CAP257	0.2009853463731393	AGAGGCGGAAAATTAGATAAATGGGAAAAAATTAGGTTAAGGCCAGGGGGAAAGAAACATTATATGTTAAAACACTTAGTATGGGCAAGCAGGGAGCTGGAAAGATTTGCACTTAACCCTGGCCTTTTAGAATCATCAGAAGGCTGTAAACAAATAATAAAACAGCTACACCCAGCTCTTCAGACAGGAACAGAGGAACTTAGATCATTATACAACACAGTAGCAACTCTCTATTGCGTACATGCAAATATAGAGGTACGAGATACTAAGGAAGCCTTAGACAAGATAGAGGAAGAACAAAACAAGAGTCAGCAAAAAGCACAGAAGGCAAAAGCGGCTGACGAAAAGGTCAGTCAAAATTATCCTATAGTGCAGAATCTCCAGGGGCAAATGGTACATCAAGCCCTATCACCTAGAACCTTGAATGCATGGGTAAAGGTAATAGAGGAGAAGGCTTTT																				AGAGGCGGAAAATTAGATAAATGGGAAAAAATTAGGTTAAGGCCAGGGGGAAAGAAACATTATATGTTAAAACACTTAGTATGGGCAAGCAGGGAGCTGGAAAGATTTGCACTTAACCCTGGCCTTTTAGAATCATCAGAAGGCTGTAAACAAATAATAAAACAGCTACACCCAGCTCTTCAGACAGGAACAGAGGAACTTAGATCATTATACAACACAGTAGCAACTCTCTATTGCGTACATGCAAATATAGAGGTACGAGATACTAAGGAAGCCTTAGACAAGATAGAGGAAGAACAAAACAAGAGT------------CAGCAAAAAGCACAGAAGGCAAAAGCGGCTGACGAAAAGGTCAGTCAAAATTATCCTATAGTGCAGAATCTCCAGGGGCAAATGGTACATCAAGCCCTATCACCTAGAACCTTGAATGCATGGGTAAAGGTAATAGAGGAGAAGGCTTTT	459			0.006561117924993352		
9	CAP257_GAG_P17_W15_QVOA	CAP257	0.3338665070611375	AGAGGCGGAAAATTAGATAAATGGGAAAAAATTAGGTTAAGGCCAGGGGGAAAGAAACATTATATGTTAAAACACTTAGTATGGGCAAGCAGGGAGCTGGAAAGATTTGCACTTAACCCTGGCCTTTTAGAATCATCAGAAGGCTGTAAACAAATAATAAAACAGCTACACCCAGCTCTTCAGACAGGAACAGAGGAACTTAGATCATTATACAACACAGTAGCAACTCTCTATTGTGTACATGCAAATATAGAGGTACGAGACACTAAGGAAGCCTTAGACAAGATAGAGGAAGAACAAAACAAAAGTCAGCAAAAAGCACAGCAGGCAAAAAAGGCTGACGAAAAGGTCAGTCAAAATTATCCTATAGTGCAGAATCTCCAGGGGCAAATGGTACATCAAGCCCTATCACCTAGAACCTTGAATGCATGGGTAAAGGTAATAGAGGAAAAGGCTTTT																				AGAGGCGGAAAATTAGATAAATGGGAAAAAATTAGGTTAAGGCCAGGGGGAAAGAAACATTATATGTTAAAACACTTAGTATGGGCAAGCAGGGAGCTGGAAAGATTTGCACTTAACCCTGGCCTTTTAGAATCATCAGAAGGCTGTAAACAAATAATAAAACAGCTACACCCAGCTCTTCAGACAGGAACAGAGGAACTTAGATCATTATACAACACAGTAGCAACTCTCTATTGTGTACATGCAAATATAGAGGTACGAGACACTAAGGAAGCCTTAGACAAGATAGAGGAAGAACAAAACAAAAGT------------CAGCAAAAAGCACAGCAGGCAAAAAAGGCTGACGAAAAGGTCAGTCAAAATTATCCTATAGTGCAGAATCTCCAGGGGCAAATGGTACATCAAGCCCTATCACCTAGAACCTTGAATGCATGGGTAAAGGTAATAGAGGAAAAGGCTTTT	459			0.004389461590487562		
10	CAP257_GAG_P17_W16_QVOA	CAP257	0.7457937755601006	AGAGGCGGAAAATTAGATAAATGGGAAAAAATTAGGTTAAGGCCAGGGGGAAAGAAACATTATATGTTAAAACACTTAGTATGGGCAAGCAGGGAGCTGGAAAGATTTGCACTTAACCCTGGCCTTTTAGAATCATCAGAAGGCTGTAAACAAATAATAAAACAGCTACAACCAGCTCTTCAGACAGGAACAGAGGAACTTAGATCATTATACAACACAGTAGCAACTCTCTATTGTGTACATGCAAATATAGAGGTACGAGACACTAAGGAAGCCTTAGACAAGATAGAGGAAGAACAAAACAAAAGTCAGCAAAAAGCACAGCAGGCAAAAAAGGCTGACGAAAAGGTCAGTCAAAATTATCCTATAGTGCAGAATCTCCAGGGGCAAATGGTACATCAAGCCCTATCACCTAGAACCTTGAATGCATGGGTAAAGGTAATAGAGGAGAAGGCTTTT																				AGAGGCGGAAAATTAGATAAATGGGAAAAAATTAGGTTAAGGCCAGGGGGAAAGAAACATTATATGTTAAAACACTTAGTATGGGCAAGCAGGGAGCTGGAAAGATTTGCACTTAACCCTGGCCTTTTAGAATCATCAGAAGGCTGTAAACAAATAATAAAACAGCTACAACCAGCTCTTCAGACAGGAACAGAGGAACTTAGATCATTATACAACACAGTAGCAACTCTCTATTGTGTACATGCAAATATAGAGGTACGAGACACTAAGGAAGCCTTAGACAAGATAGAGGAAGAACAAAACAAAAGT------------CAGCAAAAAGCACAGCAGGCAAAAAAGGCTGACGAAAAGGTCAGTCAAAATTATCCTATAGTGCAGAATCTCCAGGGGCAAATGGTACATCAAGCCCTATCACCTAGAACCTTGAATGCATGGGTAAAGGTAATAGAGGAGAAGGCTTTT	459			0.002876417134244395		
11	CAP257_GAG_P17_W20_QVOA	CAP257-4300-240WPI-GAG-P17-NGS-045-0-007-1*1	0.6563524991444374	AGAGGCGGAAAATTAGATAAATGGGAAAAAATTAGGTTAAGGCCAGGAGGAAAGAAACATTATATGTTAAAACACTTAGTATGGGCAAGCAGGGAGCTGGAAAGATTTGCACTTAACCCTGGCCTTTTAGAATCATCAGAAGGCTGTAAACAAATAATAAAGCAGCTACAACCAGCTCTTCAGACAGGAACAGAGGAACTTAGATCATTATACAACACAGTAGCAACTCTCTATTGTGTACATGCAAATATAGAGGTACGAGACACTAAGGAAGCCTTAGACAAGATAGAGGAAGAACAAAACAAAAGTCAGCAAAAAGCACAGCAGGTAAAAAAGGCTGACGAAAAGGTCAGTCAAAATTATCCTATAGTGCAGAATCTCCAGGGGCAAATGGTACATCAAGCCCTATCACCTAGAACCTTGAATGCATGGGTAAAGGTAATAGAGGAGAAGGCTTTT																				AGAGGCGGAAAATTAGATAAATGGGAAAAAATTAGGTTAAGGCCAGGAGGAAAGAAACATTATATGTTAAAACACTTAGTATGGGCAAGCAGGGAGCTGGAAAGATTTGCACTTAACCCTGGCCTTTTAGAATCATCAGAAGGCTGTAAACAAATAATAAAGCAGCTACAACCAGCTCTTCAGACAGGAACAGAGGAACTTAGATCATTATACAACACAGTAGCAACTCTCTATTGTGTACATGCAAATATAGAGGTACGAGACACTAAGGAAGCCTTAGACAAGATAGAGGAAGAACAAAACAAAAGT------------CAGCAAAAAGCACAGCAGGTAAAAAAGGCTGACGAAAAGGTCAGTCAAAATTATCCTATAGTGCAGAATCTCCAGGGGCAAATGGTACATCAAGCCCTATCACCTAGAACCTTGAATGCATGGGTAAAGGTAATAGAGGAGAAGGCTTTT	459			0.002185355677135221		
12	CAP257_GAG_P17_W21_QVOA	CAP257	0.2499090149099606	AGAGGCGGAAAATTAGATAAATGGGAAAAAATTAGGTTAAGGCCAGGGGGAAAGAAACATTATATGTTAAAACACTTAGTATGGGCAAGCAGGGAGCTGGAAAGATTTGCACTTAACCCTGGCCTTTTAGAATCATCAGAAGGCTGTAAACAAATAATAAGACAGCTATACCCAGCTCTTCAGACAGGAACAGAGGAACTTAGATCATTATACAACACAGTAGCAACTCTCTATTGTGTACATGCAAATATAGAGGTACGAGACACTAAGGAAGCCTTAGACAAGATAGAGGAAGAACAAAACAAAAGTCAGCAAAAAGCACAGAAGGCAAAAGCGGCTGACGAAAAGGTCAGTCAAAATTATCCTATAGTGCAGAATCTCCAGGGGCAAATGGTACATCAAGCCCTATCACCTAGAACCTTGAATGCATGGGTAAAGGTAATAGAGGAGAAGGCTTTT																				AGAGGCGGAAAATTAGATAAATGGGAAAAAATTAGGTTAAGGCCAGGGGGAAAGAAACATTATATGTTAAAACACTTAGTATGGGCAAGCAGGGAGCTGGAAAGATTTGCACTTAACCCTGGCCTTTTAGAATCATCAGAAGGCTGTAAACAAATAATAAGACAGCTATACCCAGCTCTTCAGACAGGAACAGAGGAACTTAGATCATTATACAACACAGTAGCAACTCTCTATTGTGTACATGCAAATATAGAGGTACGAGACACTAAGGAAGCCTTAGACAAGATAGAGGAAGAACAAAACAAAAGT------------CAGCAAAAAGCACAGAAGGCAAAAGCGGCTGACGAAAAGGTCAGTCAAAATTATCCTATAGTGCAGAATCTCCAGGGGCAAATGGTACATCAAGCCCTATCACCTAGAACCTTGAATGCATGGGTAAAGGTAATAGAGGAGAAGGCTTTT	459			0		
13	CAP257_GAG_P17_W23_QVOA	CAP257-4300-240WPI-GAG-P17-NGS-101-0-007-1*1	0.6663080426353536	AGAGGCGGAAAATTAGATAAATGGGAAAAAATTAGGTTAAGGCCAGGGGGAAAGAAACATTATATGTTAAAACACTTAGTATGGGCAAGCAGGGAGCTGGAAAGATTTGCACTTAACCCTGGCCTTTTAGAATCATCAGACGGCTGTAAACAAATAATAAAACAGCTACACCCAGCTCTTCAGACAGGAACAGAGGAACTTAGATCATTATACAACACAGTAGCAACTCTCTATTGTGTACATGCAAATATAGAGGTACGAGACACTAAGGAAGCCTTAGACAAGATAGAGGAAGAACAAAACAAAAGTCAGCAGAAAGCACAGAAGGCAAAAGCGGCTGACGAAAAGGTCAGTCAAAATTATCCTATAGTGCAGAATCTCCAGGGGCAAATGGTACATCAAGCCCTATCACCTAGAACCTTGAATGCATGGGTAAAGGTAATAGAAGAGAAGGCTTTT																				AGAGGCGGAAAATTAGATAAATGGGAAAAAATTAGGTTAAGGCCAGGGGGAAAGAAACATTATATGTTAAAACACTTAGTATGGGCAAGCAGGGAGCTGGAAAGATTTGCACTTAACCCTGGCCTTTTAGAATCATCAGACGGCTGTAAACAAATAATAAAACAGCTACACCCAGCTCTTCAGACAGGAACAGAGGAACTTAGATCATTATACAACACAGTAGCAACTCTCTATTGTGTACATGCAAATATAGAGGTACGAGACACTAAGGAAGCCTTAGACAAGATAGAGGAAGAACAAAACAAAAGT------------CAGCAGAAAGCACAGAAGGCAAAAGCGGCTGACGAAAAGGTCAGTCAAAATTATCCTATAGTGCAGAATCTCCAGGGGCAAATGGTACATCAAGCCCTATCACCTAGAACCTTGAATGCATGGGTAAAGGTAATAGAAGAGAAGGCTTTT	459			0		
14	CAP257_GAG_P17_W24_QVOA	CAP257	0.2496163813803377	AGAGGCGGAAAATTAGATAAATGGGAAAAAATTAGGTTAAGGCCAGGGGGAAAGAAACATTATATGTTAAAACACTTAGTATGGGCAAGCAGGGAGCTGGAAAGATTTGCACTTAACCCTGGCCTTTTAGAATCATCAGAAGGCTGTAAACAAATAATAAGACAGCTATACCCAGCTCTTCAGACAGGAACAGAGGAACTTAGATCATTATACAACACAGTAGCAACTCTCTATTGTGTACATGCAAATATAGAGGTACGAGACACTAAGGAAGCCTTAGACAAAATAGAGGAAGAACAAAACAAAAGTCAGCAAAAAGCACAGAAGGCAAAAGCGGCTGACGAAAAGGTCAGTCAAAATTATCCTATAGTGCAGAATCTCCAGGGGCAAATGGTACATCAAGCCCTATCACCTAGAACCTTGAATGCATGGGTAAAGGTAATAGAGGAGAAGGCTTTT																				AGAGGCGGAAAATTAGATAAATGGGAAAAAATTAGGTTAAGGCCAGGGGGAAAGAAACATTATATGTTAAAACACTTAGTATGGGCAAGCAGGGAGCTGGAAAGATTTGCACTTAACCCTGGCCTTTTAGAATCATCAGAAGGCTGTAAACAAATAATAAGACAGCTATACCCAGCTCTTCAGACAGGAACAGAGGAACTTAGATCATTATACAACACAGTAGCAACTCTCTATTGTGTACATGCAAATATAGAGGTACGAGACACTAAGGAAGCCTTAGACAAAATAGAGGAAGAACAAAACAAAAGT------------CAGCAAAAAGCACAGAAGGCAAAAGCGGCTGACGAAAAGGTCAGTCAAAATTATCCTATAGTGCAGAATCTCCAGGGGCAAATGGTACATCAAGCCCTATCACCTAGAACCTTGAATGCATGGGTAAAGGTAATAGAGGAGAAGGCTTTT	459			0.00655008487472177		
15	CAP257_GAG_P17_W26_QVOA	CAP257	0.3927615992062864	AGAGGCGGAAAATTAGATAAATGGGAAAAAATTAGGTTAAGGCCAGGAGGAAAGAAACATTATATGTTAAAACACTTAGTATGGGCAAGCAGGGAGCTGGAAAGATTTGCACTTAACCCTGGCCTTTTAGAATCATCAGAAGGCTGTAAACAAATAATAAAACAGCTACAACCAGCTCTTCAGACAGGAACAGAGGAACTTAGATCATTATACAACACAGTAGCAACTCTCTATTGTGTACATGCAAATATAGAGGTACGAGACACTAAGGAAGCCTTAGACAAGATAGAGGAAGAACAAAACAAAAGTCAGCAAAAAGCACAGCAGGCAAAAAAGGCTGACGAAAAGGTCAGTCAAAATTATCCTATAGTGCAGAATCTCCAGGGGCAAATGGTACATCAAGCCCTATCACCTAGAACCTTGAATGCATGGGTAAAGGTAATAGAGGAGAAGGCTTTT																				AGAGGCGGAAAATTAGATAAATGGGAAAAAATTAGGTTAAGGCCAGGAGGAAAGAAACATTATATGTTAAAACACTTAGTATGGGCAAGCAGGGAGCTGGAAAGATTTGCACTTAACCCTGGCCTTTTAGAATCATCAGAAGGCTGTAAACAAATAATAAAACAGCTACAACCAGCTCTTCAGACAGGAACAGAGGAACTTAGATCATTATACAACACAGTAGCAACTCTCTATTGTGTACATGCAAATATAGAGGTACGAGACACTAAGGAAGCCTTAGACAAGATAGAGGAAGAACAAAACAAAAGT------------CAGCAAAAAGCACAGCAGGCAAAAAAGGCTGACGAAAAGGTCAGTCAAAATTATCCTATAGTGCAGAATCTCCAGGGGCAAATGGTACATCAAGCCCTATCACCTAGAACCTTGAATGCATGGGTAAAGGTAATAGAGGAGAAGGCTTTT	459			0.005061610218618404		
16	CAP257_GAG_P17_W28_QVOA	CAP257	0.1025872028028724	AGAGGTGGAAAATTAGATAAATGGGAAAAAATTAGGTTAAGGCCAGGGGGAAAGAAACATTATATGTTAAAACACTTAGTATGGGCAAGCAGGGAGCTGGAAAGATTTGCACTTAACCCTGGCCTTTTAGAATCATCAGAAGGCTGTAAACAAATAATAAAACAGCTACAACCAGCTCTTCAGACAGGAACAGAGGAACTTAGATCATTATACAACACAGTAGCAACTCTCTATTGTGTACATGAAAATATAGAGGTACGAGACACTAAGGAAGCCTTAGACAAGATAGAGGAAGAACAAAACAAAAGTCAGCAAAAAGCACAGAAGGCAAAAACGGCTGACGAAAAGGTCAGTCAAAATTATCCTATAGTGCAGAATCTCCAGGGGCAAATGGTACATCAAGCCCTATCACCTAGAACCTTGAATGCATGGGTAAAGGTAATAGAGGAGAAGGCTTTT																				AGAGGTGGAAAATTAGATAAATGGGAAAAAATTAGGTTAAGGCCAGGGGGAAAGAAACATTATATGTTAAAACACTTAGTATGGGCAAGCAGGGAGCTGGAAAGATTTGCACTTAACCCTGGCCTTTTAGAATCATCAGAAGGCTGTAAACAAATAATAAAACAGCTACAACCAGCTCTTCAGACAGGAACAGAGGAACTTAGATCATTATACAACACAGTAGCAACTCTCTATTGTGTACATGAAAATATAGAGGTACGAGACACTAAGGAAGCCTTAGACAAGATAGAGGAAGAACAAAACAAAAGT------------CAGCAAAAAGCACAGAAGGCAAAAACGGCTGACGAAAAGGTCAGTCAAAATTATCCTATAGTGCAGAATCTCCAGGGGCAAATGGTACATCAAGCCCTATCACCTAGAACCTTGAATGCATGGGTAAAGGTAATAGAGGAGAAGGCTTTT	459			0.004374415644243863		
17	CAP257_GAG_P17_W29_QVOA	CAP257	0.7457937755601006	AGAGGCGGAAAATTAGATAAATGGGAAAAAATTAGGTTAAGGCCAGGGGGAAAGAAACATTATATGTTAAAACACTTAGTATGGGCAAGCAGGGAGCTGGAAAGATTTGCACTTAACCCTGGCCTTTTAGAATCATCAGAAGGCTGTAAACAAATAATAAAACAGCTACAACCAGCTCTTCAGACAGGAACAGAGGAACTTAGATCATTATACAACACAGTAGCAACTCTCTATTGTGTACATGCAAATATAGAGGTACGAGACACTAAGGAAGCCTTAGACAAGATAGAGGAAGAACAAAACAAAAGTCAGCAAAAAGCACAGCAGGCAAAAAAGGCTGACGAAAAGGTCAGTCAAAATTATCCTATAGTGCAGAATCTCCAGGGGCAAATGGTACATCAAGCCCTATCACCTAGAACCTTGAATGCATGGGTAAAGGTAATAGAGGAGAAGGCTTTT																				AGAGGCGGAAAATTAGATAAATGGGAAAAAATTAGGTTAAGGCCAGGGGGAAAGAAACATTATATGTTAAAACACTTAGTATGGGCAAGCAGGGAGCTGGAAAGATTTGCACTTAACCCTGGCCTTTTAGAATCATCAGAAGGCTGTAAACAAATAATAAAACAGCTACAACCAGCTCTTCAGACAGGAACAGAGGAACTTAGATCATTATACAACACAGTAGCAACTCTCTATTGTGTACATGCAAATATAGAGGTACGAGACACTAAGGAAGCCTTAGACAAGATAGAGGAAGAACAAAACAAAAGT------------CAGCAAAAAGCACAGCAGGCAAAAAAGGCTGACGAAAAGGTCAGTCAAAATTATCCTATAGTGCAGAATCTCCAGGGGCAAATGGTACATCAAGCCCTATCACCTAGAACCTTGAATGCATGGGTAAAGGTAATAGAGGAGAAGGCTTTT	459			0.002876417134244395		
18	CAP257_GAG_P17_W30_QVOA	CAP257-4280-213WPI-GAG-P17-NGS-011-0-024-2*1	0.6666659040202638	AGAGGCGGAAAATTAGATAAATGGGAAAAAATTAGGTTAAGGCCAGGGGGAAAGAAACATTATATGTTAAAACACTTAGTATGGGCAAGCAGGGAGCTGGAAAGATTTGCACTTAACCCTGGCCTTTTAGAATCATCAGACGGCTGTAAACAAATAATAAAACAGCTACACCCAGCTCTTCAGACAGGAACAGAGGAACTTAGATCATTATACAACACCGTAGCAACTCTCTATTGTGTACATGCAAATATAGAGGTACGAGACACTAAGGAAGCCTTAGACAAGATAGAGGAAGAACAAAACAAGAGTCAGCAAAAAGCACAGAAGGCAAAAGCGGCTGACGAAAAGGTCAGTCAAAATTATCCTATAGTGCAGAATCTCCAGGGGCAAATGGTACATCAAGCCCTATCACCTAGAACCTTGAATGCATGGGTAAAGGTAATAGAAGAGAAGGCTTTT																				AGAGGCGGAAAATTAGATAAATGGGAAAAAATTAGGTTAAGGCCAGGGGGAAAGAAACATTATATGTTAAAACACTTAGTATGGGCAAGCAGGGAGCTGGAAAGATTTGCACTTAACCCTGGCCTTTTAGAATCATCAGACGGCTGTAAACAAATAATAAAACAGCTACACCCAGCTCTTCAGACAGGAACAGAGGAACTTAGATCATTATACAACACCGTAGCAACTCTCTATTGTGTACATGCAAATATAGAGGTACGAGACACTAAGGAAGCCTTAGACAAGATAGAGGAAGAACAAAACAAGAGT------------CAGCAAAAAGCACAGAAGGCAAAAGCGGCTGACGAAAAGGTCAGTCAAAATTATCCTATAGTGCAGAATCTCCAGGGGCAAATGGTACATCAAGCCCTATCACCTAGAACCTTGAATGCATGGGTAAAGGTAATAGAAGAGAAGGCTTTT	459			0		
19	CAP257_GAG_P17_W31_QVOA	CAP257-4300-240WPI-GAG-P17-NGS-046-0-007-1*1	0.9996853437136652	AGAGGCGGAAAATTAGATAAATGGGAAAAAATTAGGTTAAGGCCAGGGGGAAAGAAACATTATATGTTAAAACACTTAGTATGGGCAAGCAGGGAGCTGGAAAGATTTGCACTTAACCCTGGCCTTTTAGAATCATCAGACGGCTGTAAACAAATAATAAAACAGCTACAACCAGCTCTTCAGACAGGAACAGAGGAACTTAGATCATTATACAACACAGTAGCAACTCTCTATTGCGTACATGCAAATATAGAGGTACGAGACACTAAGGAAGCCTTAGACAAGATAGAGGAAGAACAAAACAAAAGTCAGCAAAAAGCACAGAAGGCAAAAGCGGCTGACGAAAAGGTCAGTCAAAATTATCCTATAGTGCAGAATCTCCAGGGGCAAATGGTACATCAAGCCCTATCACCTAGAACCTTGAATGCATGGGTAAAGGTAATAGAAGAGAAGGCTTTT																				AGAGGCGGAAAATTAGATAAATGGGAAAAAATTAGGTTAAGGCCAGGGGGAAAGAAACATTATATGTTAAAACACTTAGTATGGGCAAGCAGGGAGCTGGAAAGATTTGCACTTAACCCTGGCCTTTTAGAATCATCAGACGGCTGTAAACAAATAATAAAACAGCTACAACCAGCTCTTCAGACAGGAACAGAGGAACTTAGATCATTATACAACACAGTAGCAACTCTCTATTGCGTACATGCAAATATAGAGGTACGAGACACTAAGGAAGCCTTAGACAAGATAGAGGAAGAACAAAACAAAAGT------------CAGCAAAAAGCACAGAAGGCAAAAGCGGCTGACGAAAAGGTCAGTCAAAATTATCCTATAGTGCAGAATCTCCAGGGGCAAATGGTACATCAAGCCCTATCACCTAGAACCTTGAATGCATGGGTAAAGGTAATAGAAGAGAAGGCTTTT	459			0.00218251305687314		
20	CAP257_GAG_P17_W33_QVOA	CAP257-4300-240WPI-GAG-P17-NGS-008-0-02-1*1	0.9959286959325072	AGAGGCGGAAAATTAGATAAATGGGAAAAAATTAGGTTAAGGCCAGGGGGAAAGAAACATTATATGTTAAAACACTTAGTATGGGCAAGCAGGGAGCTGGAAAGATTTGCACTTAACCCTGGCCTTTTAGAATCATCAGAAGGCTGTAAACAAATAATAAGACAGCTATACCCAGCTCTTCAGACAGGAACAGAGGAACTTAGATCATTATACAACACAGTAGCAACTCTCTATTGTGTACATGCAAATATAGAGGTACGAGACACTAAGGAAGCCTTAGACAAGATAGAGGAAGAACAAAACAAAAGTCAGCAAAAAGTACAGCAGGCAAAAAAGGCTGACGAAAAGGTCAGTCAAAATTATCCTATAGTGCAGAATCTCCAGGGGCAAATGGTACATCAAGCCCTATCACCTAGAACCTTGAATGCATGGGTAAAGGTAATAGAGGAAAAGGCTTTT																				AGAGGCGGAAAATTAGATAAATGGGAAAAAATTAGGTTAAGGCCAGGGGGAAAGAAACATTATATGTTAAAACACTTAGTATGGGCAAGCAGGGAGCTGGAAAGATTTGCACTTAACCCTGGCCTTTTAGAATCATCAGAAGGCTGTAAACAAATAATAAGACAGCTATACCCAGCTCTTCAGACAGGAACAGAGGAACTTAGATCATTATACAACACAGTAGCAACTCTCTATTGTGTACATGCAAATATAGAGGTACGAGACACTAAGGAAGCCTTAGACAAGATAGAGGAAGAACAAAACAAAAGT------------CAGCAAAAAGTACAGCAGGCAAAAAAGGCTGACGAAAAGGTCAGTCAAAATTATCCTATAGTGCAGAATCTCCAGGGGCAAATGGTACATCAAGCCCTATCACCTAGAACCTTGAATGCATGGGTAAAGGTAATAGAGGAAAAGGCTTTT	459			0.0021858144360467		
21	CAP257_GAG_P17_W34_QVOA	CAP257-4300-240WPI-GAG-P17-NGS	0.4544480192994795	AGAGGCGGAAAATTAGATAAATGGGAAAAAATTAGGTTAAGGCCAGGGGGAAAGAAACATTATATGTTAAAACACTTAGTATGGGCAAGCAGGGAGCTGGAAAGATTTGCACTTAACCCTGGCCTTTTAGAATCATCAGAAGGCTGTAAACAAATAATAAGACAGCTATACCCAGCTCTTCAGACAGGAACAGAGGAACTTAGATCATTATACAACACAGTAGCAACTCTCTATTGTGTACATGCAAATATAGAGGTACGAGACACTAAGGAAGCCTTAGACAAGATAGAGGAAGAACAAAACAAAAGTCAGCAAAAAGTACAGCAGGCAAAAAAGGCTGACGAAAAGGTCAGTCAAAATTATCCTATAGTGCAGAATCTCCAGGGGCAAATGGTACATCAAGCCCTATCACCTAGAACTTTGAATGCATGGGTAAAGGTAATAGAGGAGAAGGCTTTT																				AGAGGCGGAAAATTAGATAAATGGGAAAAAATTAGGTTAAGGCCAGGGGGAAAGAAACATTATATGTTAAAACACTTAGTATGGGCAAGCAGGGAGCTGGAAAGATTTGCACTTAACCCTGGCCTTTTAGAATCATCAGAAGGCTGTAAACAAATAATAAGACAGCTATACCCAGCTCTTCAGACAGGAACAGAGGAACTTAGATCATTATACAACACAGTAGCAACTCTCTATTGTGTACATGCAAATATAGAGGTACGAGACACTAAGGAAGCCTTAGACAAGATAGAGGAAGAACAAAACAAAAGT------------CAGCAAAAAGTACAGCAGGCAAAAAAGGCTGACGAAAAGGTCAGTCAAAATTATCCTATAGTGCAGAATCTCCAGGGGCAAATGGTACATCAAGCCCTATCACCTAGAACTTTGAATGCATGGGTAAAGGTAATAGAGGAGAAGGCTTTT	459			0.002185799969884641		
22	CAP257_GAG_P17_W35_QVOA	CAP257	0.3155197052688744	AGAGGCGGAAAATTAGATAAATGGGAAAAAATTAGGTTAAGGCCAGGGGGAAAGAAACATTATATGTTAAAACACTTAGTATGGGCAAGCAGGGAGCTGGAAAGATTTGCACTTAACCCTGGCCTTTTAGAATCATCAGAAGGCTGTAAACAAATAATAAAACAGCTACAACCAGCTCTTCAGACAGGAACAGAGGAACTTAGATCATTATACAACACAGTAGCAACTCTCTATTGTGTACATGCAAATATAGAGGTACGAGACACTAAGGAAGCCTTAGACAAGATAGAGGAAGAACAAAACAAAAGTCAGCAAAAAGCACAGAAGGCAAAAGCGGCTGACGAAAAGGTCAGTCAAAATTATCCTATAGTGCAGAATCTCCAGGGGCAAATGGTACATCAAGCCCTATCACCTAGAACCTTGAATGCATGGGTAAAGGTAATAGAGGAAAAGGCTTTT																				AGAGGCGGAAAATTAGATAAATGGGAAAAAATTAGGTTAAGGCCAGGGGGAAAGAAACATTATATGTTAAAACACTTAGTATGGGCAAGCAGGGAGCTGGAAAGATTTGCACTTAACCCTGGCCTTTTAGAATCATCAGAAGGCTGTAAACAAATAATAAAACAGCTACAACCAGCTCTTCAGACAGGAACAGAGGAACTTAGATCATTATACAACACAGTAGCAACTCTCTATTGTGTACATGCAAATATAGAGGTACGAGACACTAAGGAAGCCTTAGACAAGATAGAGGAAGAACAAAACAAAAGT------------CAGCAAAAAGCACAGAAGGCAAAAGCGGCTGACGAAAAGGTCAGTCAAAATTATCCTATAGTGCAGAATCTCCAGGGGCAAATGGTACATCAAGCCCTATCACCTAGAACCTTGAATGCATGGGTAAAGGTAATAGAGGAAAAGGCTTTT	459			0.002184293309596308		
23	CAP257_GAG_P17_W36_QVOA	CAP257	0.2998467364498388	AGAGGCGGAAAATTAGATAAATGGGAAAAAATTAGGTTAAGGCCAGGGGGAAAGAAACATTATATGTTAAAACACTTAGTATGGGCAAGCAGGGAGCTGGAAAGATTTGCACTTAACCCTGGCCTTTTAGAATCATCAGAAGGCTGTAAACAAATAATAAAACAGCTACAACCAGCTCTTCAGACAGGAACAGAGGAACTTAGATCATTATACAACACAGTAGCAACTCTCTATTGTGTACATGCAAATATAGAGGTACGAGACACTAAGGAAGCCTTAGACAAGATAGAGGAAGAACAAAACAAAAGTCAGCAAAAGGCACAGAAGGCAAAAGCGGCTGACGAAAAGGTCAGTCAAAATTATCCTATAGTGCAGAATCTCCAGGGGCAAATGGTACATCAAGCCCTATCACCTAGAACCTTGAATGCATGGGTAAAGGTAATAGAGGAGAAGGCTTTT																				AGAGGCGGAAAATTAGATAAATGGGAAAAAATTAGGTTAAGGCCAGGGGGAAAGAAACATTATATGTTAAAACACTTAGTATGGGCAAGCAGGGAGCTGGAAAGATTTGCACTTAACCCTGGCCTTTTAGAATCATCAGAAGGCTGTAAACAAATAATAAAACAGCTACAACCAGCTCTTCAGACAGGAACAGAGGAACTTAGATCATTATACAACACAGTAGCAACTCTCTATTGTGTACATGCAAATATAGAGGTACGAGACACTAAGGAAGCCTTAGACAAGATAGAGGAAGAACAAAACAAAAGT------------CAGCAAAAGGCACAGAAGGCAAAAGCGGCTGACGAAAAGGTCAGTCAAAATTATCCTATAGTGCAGAATCTCCAGGGGCAAATGGTACATCAAGCCCTATCACCTAGAACCTTGAATGCATGGGTAAAGGTAATAGAGGAGAAGGCTTTT	459			0.002179800251608179		
24	CAP257_GAG_P17_W37_QVOA	CAP257-4300-240WPI-GAG-P17-NGS-000-0-06-1*1	0.5975594712168216	AGAGGCGGAAAATTAGATAAATGGGAAAAAATTAGGTTAAGGCCAGGGGGAAAGAAACATTATATGTTAAAACACTTAGTATGGGCAAGCAGGGAGCTGGAAAGATTTGCACTTAACCCTGGCCTTTTAGAATCATCAGAAGGCTGTAAACAAATAATAAGACAGCTATACCCAGCTCTTCAGACAGGAACAGAGGAACTTAGATCATTATACAACACAGTAGCAACTCTCTATTGTGTACATACAAATATAGAGGTACGAGACACTAAGGAAGCCTTAGACAAGATAGAGGAAGAACAAAACAAAAGTCAGCAAAAAGTACAGCAGGCAAAAAAGGCTGACGAAAAGGTCAGTCAAAATTATCCTATAGTGCAGAATCTCCAGGGGCAAATGGTACATCAAGCCCTATCACCTAGAACCTTGAATGCATGGGTAAAGGTAATAGAGGAGAAGGCTTTT																				AGAGGCGGAAAATTAGATAAATGGGAAAAAATTAGGTTAAGGCCAGGGGGAAAGAAACATTATATGTTAAAACACTTAGTATGGGCAAGCAGGGAGCTGGAAAGATTTGCACTTAACCCTGGCCTTTTAGAATCATCAGAAGGCTGTAAACAAATAATAAGACAGCTATACCCAGCTCTTCAGACAGGAACAGAGGAACTTAGATCATTATACAACACAGTAGCAACTCTCTATTGTGTACATACAAATATAGAGGTACGAGACACTAAGGAAGCCTTAGACAAGATAGAGGAAGAACAAAACAAAAGT------------CAGCAAAAAGTACAGCAGGCAAAAAAGGCTGACGAAAAGGTCAGTCAAAATTATCCTATAGTGCAGAATCTCCAGGGGCAAATGGTACATCAAGCCCTATCACCTAGAACCTTGAATGCATGGGTAAAGGTAATAGAGGAGAAGGCTTTT	459			0.004007048385372059		
25	CAP257_GAG_P17_W38_P1_QVOA	CAP257	0.2499090149099606	AGAGGCGGAAAATTAGATAAATGGGAAAAAATTAGGTTAAGGCCAGGGGGAAAGAAACATTATATGTTAAAACACTTAGTATGGGCAAGCAGGGAGCTGGAAAGATTTGCACTTAACCCTGGCCTTTTAGAATCATCAGAAGGCTGTAAACAAATAATAAGACAGCTATACCCAGCTCTTCAGACAGGAACAGAGGAACTTAGATCATTATACAACACAGTAGCAACTCTCTATTGTGTACATGCAAATATAGAGGTACGAGACACTAAGGAAGCCTTAGACAAGATAGAGGAAGAACAAAACAAAAGTCAGCAAAAAGCACAGAAGGCAAAAGCGGCTGACGAAAAGGTCAGTCAAAATTATCCTATAGTGCAGAATCTCCAGGGGCAAATGGTACATCAAGCCCTATCACCTAGAACCTTGAATGCATGGGTAAAGGTAATAGAGGAGAAGGCTTTT																				AGAGGCGGAAAATTAGATAAATGGGAAAAAATTAGGTTAAGGCCAGGGGGAAAGAAACATTATATGTTAAAACACTTAGTATGGGCAAGCAGGGAGCTGGAAAGATTTGCACTTAACCCTGGCCTTTTAGAATCATCAGAAGGCTGTAAACAAATAATAAGACAGCTATACCCAGCTCTTCAGACAGGAACAGAGGAACTTAGATCATTATACAACACAGTAGCAACTCTCTATTGTGTACATGCAAATATAGAGGTACGAGACACTAAGGAAGCCTTAGACAAGATAGAGGAAGAACAAAACAAAAGT------------CAGCAAAAAGCACAGAAGGCAAAAGCGGCTGACGAAAAGGTCAGTCAAAATTATCCTATAGTGCAGAATCTCCAGGGGCAAATGGTACATCAAGCCCTATCACCTAGAACCTTGAATGCATGGGTAAAGGTAATAGAGGAGAAGGCTTTT	459			0		
26	CAP257_GAG_P17_W38_P2_QVOA	CAP257-4300-240WPI-GAG-P17-NGS-064-0-007-1*1	0.9929755548991693	AGAGGCGGAAAATTAGATAAATGGGAAAAAATTAGGTTAAGGCCAGGGGGAAAGAAACATTATATGTTAAAACACTTAGTATGGGCAAGCAGGGAGCTGGAAAGATTTGCACTTAACCCTGGCCTTTTAGAATCATCAGAAGGCTGTAAACAAATAATAAAGCAGCTACAACCAGCTCTTCAGACAGGAACAGAGGAACTTAGATCATTATACAACACAGTAGCAACTCTCTATTGTGTACATGCAAATATAGAGGTACGAGACACTAAGGAAGCCTTAGACAAGATAGAGGAAGAACAAAACAAAAGTCAGCAAAAAGCACAGCAGGCAAAAAAGGCTGACGAAAAGGTCAGTCAAAATTATCCTATAGTGCAGAATCTTCAGGGGCAAATGGTACATCAAGCCCTATCACCTAGAACCTTGAATGCATGGGTAAAGGTAATAGAGGAGAAGGCTTTT																				AGAGGCGGAAAATTAGATAAATGGGAAAAAATTAGGTTAAGGCCAGGGGGAAAGAAACATTATATGTTAAAACACTTAGTATGGGCAAGCAGGGAGCTGGAAAGATTTGCACTTAACCCTGGCCTTTTAGAATCATCAGAAGGCTGTAAACAAATAATAAAGCAGCTACAACCAGCTCTTCAGACAGGAACAGAGGAACTTAGATCATTATACAACACAGTAGCAACTCTCTATTGTGTACATGCAAATATAGAGGTACGAGACACTAAGGAAGCCTTAGACAAGATAGAGGAAGAACAAAACAAAAGT------------CAGCAAAAAGCACAGCAGGCAAAAAAGGCTGACGAAAAGGTCAGTCAAAATTATCCTATAGTGCAGAATCTTCAGGGGCAAATGGTACATCAAGCCCTATCACCTAGAACCTTGAATGCATGGGTAAAGGTAATAGAGGAGAAGGCTTTT	459			0.002183414763229784		
27	CAP257_GAG_P17_W39_QVOA	CAP257	0.2702810735464981	AGAGGCGGAAAATTAGATAAATGGGAAAAAATTAGGTTAAGGCCAGGGGGAAAGAAACATTATATGTTAAAACACTTAGTATGGGCAAGCAGGGAGCTGGAAAGATTTGCACTTAACCCTGGCCTTTTAGAATCATCAGAAGGCTGTAAACAAATAATAAAACAGCTACAACCAGCTCTTCAGACAGGAACAGAGGAACTTAGATCACTATACAACACAGTAGCAACTCTCTATTGTGTACATGCAAATATAGAGGTACGAGACACTAAGGAAGCCTTAGACAAGATAGAGGAAGAACAAAACAAAAGTCAGCAAAAAGCACAGAAGGCAAAAGCGGCTGACGAAAAGGTCAGTCAAAATTATCCTATAGTGCAGAATCTCCAGGGGCAAATGGTACATCAAGCCCTATCACCTAGAACCTTGAATGCATGGGTAAAGGTAATAGAGGAGAAGGCTTTT																				AGAGGCGGAAAATTAGATAAATGGGAAAAAATTAGGTTAAGGCCAGGGGGAAAGAAACATTATATGTTAAAACACTTAGTATGGGCAAGCAGGGAGCTGGAAAGATTTGCACTTAACCCTGGCCTTTTAGAATCATCAGAAGGCTGTAAACAAATAATAAAACAGCTACAACCAGCTCTTCAGACAGGAACAGAGGAACTTAGATCACTATACAACACAGTAGCAACTCTCTATTGTGTACATGCAAATATAGAGGTACGAGACACTAAGGAAGCCTTAGACAAGATAGAGGAAGAACAAAACAAAAGT------------CAGCAAAAAGCACAGAAGGCAAAAGCGGCTGACGAAAAGGTCAGTCAAAATTATCCTATAGTGCAGAATCTCCAGGGGCAAATGGTACATCAAGCCCTATCACCTAGAACCTTGAATGCATGGGTAAAGGTAATAGAGGAGAAGGCTTTT	459			0.004364204250101485		
28	CAP257_GAG_P17_W6_QVOA	CAP257-4300-240WPI-GAG-P17-NGS-036-0-007-1*1	0.9974502744116119	AGAGGCGGAAAATTAGATAAATGGGAAAAAATTAGGTTAAGGCCAGGGGGAAAGAAACATTATATGTTAAAACACTTAGTATGGGCAAGCAGGGAGCTGGAAAGATTTGCACTTAACCCTGGCCTTTTAGAATCATCAGACGGCTGTAAACAAATAATAAAACAGCTACAACCAGCTCTTCAGACAGGAACAGAGGAACTTAGATCATTATACAACACAGTAGCAACTCTCTATTGTGTACATGCAAATATAGAGGTACGAGACACTAAGGAAGCCTTAGACAAGATAGAGGAAGAACAAAACAAAAGTCAGCAAAAAGCACAGCAGGCAAAAAAGGCTGACGAAAAGGTCAGTCAAAATTATCCTATAGTGCAGAATCTCCAGGGGCAAATGGTACATCAAGCCCTATCACCTAGAACCTTGAATGCATGGGTAAAGGTAATAGAGGAGAAGGCTTTT																				AGAGGCGGAAAATTAGATAAATGGGAAAAAATTAGGTTAAGGCCAGGGGGAAAGAAACATTATATGTTAAAACACTTAGTATGGGCAAGCAGGGAGCTGGAAAGATTTGCACTTAACCCTGGCCTTTTAGAATCATCAGACGGCTGTAAACAAATAATAAAACAGCTACAACCAGCTCTTCAGACAGGAACAGAGGAACTTAGATCATTATACAACACAGTAGCAACTCTCTATTGTGTACATGCAAATATAGAGGTACGAGACACTAAGGAAGCCTTAGACAAGATAGAGGAAGAACAAAACAAAAGT------------CAGCAAAAAGCACAGCAGGCAAAAAAGGCTGACGAAAAGGTCAGTCAAAATTATCCTATAGTGCAGAATCTCCAGGGGCAAATGGTACATCAAGCCCTATCACCTAGAACCTTGAATGCATGGGTAAAGGTAATAGAGGAGAAGGCTTTT	459			0.002184077096464096		
29	CAP257_GAG_P17_W7_QVOA	CAP257	0.3982541478714089	AGAGGCGGAAAATTAGATAAATGGGAAAAAATCAGGTTAAGGCCAGGGGGAAAGAAACATTATATGTTAAAACACTTAGTATGGGCAAGCAGGGAGCTGGAAAGATTTGCACTTAACCCTGGCCTTTTAGAATCATCAGAAGGCTGTAAACAAATAATAAAACAGCTACAACCAGCTCTTCAGACAGGAACAGAGGAACTTAGATCATTATACAACACAGTAGCAACTCTCTATTGTGTACATGCAAGTATAGAGGTACGAGACACTAAGGAAGCCTTAGACAAGATAGAGGAAGAACAAAACAAAAGTCAGCAAAAAGCACAGAAGGCAAAAGCGGCTGACGAAAAGGTCAGTCAAAATTATCCTATAGTGCAGAATCTCCAGGGGCAAATGGTACATCAAGCCCTATCACCTAGAACCTTGAATGCATGGGTAAAGGTAATAGAGGAGAAGGCTTTT																				AGAGGCGGAAAATTAGATAAATGGGAAAAAATCAGGTTAAGGCCAGGGGGAAAGAAACATTATATGTTAAAACACTTAGTATGGGCAAGCAGGGAGCTGGAAAGATTTGCACTTAACCCTGGCCTTTTAGAATCATCAGAAGGCTGTAAACAAATAATAAAACAGCTACAACCAGCTCTTCAGACAGGAACAGAGGAACTTAGATCATTATACAACACAGTAGCAACTCTCTATTGTGTACATGCAAGTATAGAGGTACGAGACACTAAGGAAGCCTTAGACAAGATAGAGGAAGAACAAAACAAAAGT------------CAGCAAAAAGCACAGAAGGCAAAAGCGGCTGACGAAAAGGTCAGTCAAAATTATCCTATAGTGCAGAATCTCCAGGGGCAAATGGTACATCAAGCCCTATCACCTAGAACCTTGAATGCATGGGTAAAGGTAATAGAGGAGAAGGCTTTT	459			0.00327078935372774		
30	CAP257_GAG_P17_W9_QVOA	CAP257	0.2853656531853194	AGAGGCGGAAAATTAGATAAATGGGAAAAAATTAGGTTAAGGCCAGGGGGAAAGAAACATTATATGTTAAAACACTTAGTATGGGCAAGCAGGGAGCTGGAAAGATTTGCACTTAACCCTGGCCTTTTAGAATCATCAGAAGGCTGTAAACAAATAATAAAACAGCTACAACCAGCTCTTCAGACAGGAACAGAGGAACTTAGATCATTATACAACACAGTAGCAACTCTCTATTGTGTACATGCAAATATAGAGGTACGAGACACTAAGGAAGCCTTAGACAAGATAGAGGAAGAACAAAACAAAAGTCAGCAAAAAGCACAGAAGGCAAAAGCGGCTGACGAAAAGGTCAGTCAAAATTATCCTATAGTGCAGAATCTCCAGGGGCAAATGGTACATCAAGCCCTATCACCTAGAACCTTGAATGCATGGGTAAAGGTAATAGAGGAGAAGGCTTTT																				AGAGGCGGAAAATTAGATAAATGGGAAAAAATTAGGTTAAGGCCAGGGGGAAAGAAACATTATATGTTAAAACACTTAGTATGGGCAAGCAGGGAGCTGGAAAGATTTGCACTTAACCCTGGCCTTTTAGAATCATCAGAAGGCTGTAAACAAATAATAAAACAGCTACAACCAGCTCTTCAGACAGGAACAGAGGAACTTAGATCATTATACAACACAGTAGCAACTCTCTATTGTGTACATGCAAATATAGAGGTACGAGACACTAAGGAAGCCTTAGACAAGATAGAGGAAGAACAAAACAAAAGT------------CAGCAAAAAGCACAGAAGGCAAAAGCGGCTGACGAAAAGGTCAGTCAAAATTATCCTATAGTGCAGAATCTCCAGGGGCAAATGGTACATCAAGCCCTATCACCTAGAACCTTGAATGCATGGGTAAAGGTAATAGAGGAGAAGGCTTTT	459			0.006578356121495741		
